sentence,label
तिसरे इंग्रज-मराठा युद्ध हे इ।,human
१८१७-१८मध्ये मराठे व इंग्रजांच्यात झालेले तिसरे व निर्णायक युद्ध होते।,human
या युद्धात इंग्रजांनी मराठा साम्राज्याचा पराभव केला व जवळपास संपूर्ण भारतावर नियंत्रण मिळवले।,human
या आधी झालेल्या दुसऱ्या इंग्रज मराठा युद्धानंतर मराठ्यांना आणि ब्रिटिशांना उसंत मिळाली।,human
त्या दरम्यान ब्रिटिशांनी भारतातील स्वतःची शक्ती वाढवली परंतु मराठ्यांनी एकोपा टिकवला नाही आणि ते ब्रिटिशांच्या तुलनेत मराठे राजनैतिक आणि लष्करीदृष्ट्या कमी पडत गेले।,human
अशा पार्श्वभूमीवर गव्हर्नर जनरल लॉर्ड हेस्टिंग्सची नियुक्ती झाली।,human
त्याने आपल्या कारकिर्दीत आक्रमक धोरणाचा अवलंब केला।,human
नेपाळ युद्धाच्या समाप्तीनंतर पेंढारी लोकांशी संघर्ष सुरू करून अप्रत्यक्षरीत्या मराठ्यांनाच आव्हान दिले।,human
या व इतर अनेक कारणांमुळे इंग्रज आणि मराठ्यांमध्ये पुन्हा एकदा युद्धाची ठिणगी पडली।,human
अखेर पेशव्याने अंतिम युद्ध करण्याचा निर्णय घेतला।,human
त्याला अप्पासाहेब भोसले आणि मल्हारराव होळकर (यशवंतराव होळकरांचा पुत्र) यांनी साथ दिली।,human
"पण युद्धात पेशवा,भोसले आणि होळकरांना एकत्र येऊ न देता त्यांना इंग्रजांनी वेगवेगळे पराभूत केले।",human
"सीताबर्डीच्या लढाईत भोसल्यांचा, महिदपुरच्या लढाईत होळकरांचा आणि खडकी, कोरेगाव व आष्टा येथील लढाईत पेशव्यांचा पराभव झाला।",human
अशा प्रकारे एक एक करीत मराठे इंग्रजांसमोर हरले व सर्वांनी शरणागती पत्करली।,human
"हेस्टिंग्सने भोसले, पेशवा बाजीराव दुसरा आणि शिंदे यांना अपमानजनक तह स्वीकारण्यास भाग पडले।",human
बाजीरावाला पेशवेपद सोडावे लागले आणि त्याचा प्रदेश इंग्रजांनी आपल्या साम्राज्यात विलीन केला।,human
छत्रपतींचे सातारा राज्य व इतर मराठा सरदारांच्या प्रदेशावर ब्रिटिश नियंत्रण प्रस्थापित झाले आणि खऱ्या अर्थाने मराठा सत्तेची समाप्ती झाली।,human
नागपूरच्या मुधोजी भोसले दुसरे आणि इंदूरचे मल्हारराव होळकर तिसरे यांच्या पाठिंब्याने पेशवा बाजीराव दुसऱ्याच्या सैन्याने ईस्ट इंडिया कंपनीविरूद्ध जोरदार हल्ला केला।,human
ग्वाल्हेरचे चौथे मोठे मराठा नेते दौलतराव शिंदे यांनी राजस्थानवरील नियंत्रण गमावले असले तरीही त्यांनी राजस्थानला दबाव आणि मुत्सद्देगिरीने तटस्थ राहण्याचे पटवून दिले।,human
ब्रिटिशांच्या निर्णायक विजयाने मराठा साम्राज्य फुटले आणि स्वराज्याचा अंत झाला।,human
पेशवेच्या सैन्याने शक्य तितका प्रतिकार करीत इंग्रजांना रोखण्यासाठी अनेक लहान लढाया लढल्या।,human
शेवटी इंग्रजांनी पेशवाई ताब्यात घेतली आणि दुसऱ्या बाजीरावाला कानपूरजवळील बिठूर येथे एका लहान जहागिरीला तडीपार करण्यात आले आले।,human
पेशवाईचा बहुतांश प्रदेश मुंबई प्रेसिडेंसीमध्ये विलीन केला गेला।,human
साताराच्या महाराजांना त्यांच्या संस्थानावर कायम ठेवले गेले।,human
१८४८ मध्ये लॉर्ड डलहौसीच्या डॉक्ट्रीन ऑफ लॅप्सच्या बनावाखाली बॉम्बे प्रेसिडेन्सीने सातारा संस्थानसुद्धा खालसा केले।,human
"नागपूर व भोवतालच्या राजवटीचा उरलेला भाग, तसेच बुंदेलखंडमधील पेशव्याचे प्रदेश ब्रिटिश भारताचे सौगोर आणि नेरबुद्दा प्रांत म्हणून जोडले गेले।",human
ब्रिटिशांनी होळकरांचे इंदूर शिंद्यांचे ग्वाल्हेर व पेशव्यांच्या हुकुमतीतील झांसी ही संस्थाने आपल्या अंमलात आणली।,human
ब्रिटिशांनी पुण्याकडे चाल केलेली पाहून बाजीरावाने हुजुरत घेउन पुरंदरकडे पलायन केले।,human
१३ नोव्हेंबरला जनरल स्मिथ सध्याच्या डेक्कन कॉलेजच्या जवळील आपल्या छावणीतून मुळा नदी ओलांडून घोरपडी येथे आला।,human
पेशव्यांच्या पाठलाग रोखण्यासाठी बापू गोखल्यांनी त्याच्याशी झटापटी सुरू ठेवल्या।,human
"विंचूरकरांची ५,०००ची फौज मुळा-मुठेच्या फौजेला संगमावर थांबलेली होती।",human
त्याला न जुमानता स्मिथ पुण्यात शिरला।,human
पुण्यात त्याला काहीही प्रतिकार झाला नाही।,human
"१७ नोव्हेंबर, १८१७ रोजी ब्रिटिशांनी शनिवार वाड्यात प्रवेश करून त्यावर युनियन जॅक फडकाविला।",human
इकडे पेशवे पुरंदरावरून साताऱ्याकडे आणि नंतर कोरेगांव भीमा येथे गेले।,human
कोतवाली चावडीवरील भगवे झेंडे तसेच ठेवले गेले।,human
ते आष्टीच्या लढाईनंतर उतरवण्यात आले।,human
"१ जानेवारी, १८१८ रोजी ब्रिटिशांनी मराठ्यांना कोरेगावला गाठले।",human
"कॅप्टन स्टाँटन ५,००० शिपाई, २०० भाडोत्री घोडेस्वार आणि ३ किलोचे गोळे फेकणाऱ्या २ तोफा घेउन पुण्याच्या वायव्येस भीमा नदीच्या काठावरील या गावाजवळ आला।",human
स्टाँटनच्या सैन्यात फक्त २४ युरोपियन होते ते सुद्धा तोफा चालवणारे होते।,human
इतर सगळे एतद्देशीय सैनिक होती।,human
मराठ्यांनी गावाभोवती तटबंदी उभारून मोर्चेबांधणी केली होती।,human
थंडीच्या मोसमात भीमा नदीत फारसे पाणी नव्हते आणि उथळ पाण्यातून ती सहज पार करता येत होती।,human
स्टाँटनने लगेचच गावाचा ताबा घेतला पण मराठ्यांची तटबंदी त्याला सहजासहजी भेदता आली नाही।,human
त्याने गावाचे व मराठ्यांचे पाणी तोडले।,human
मराठ्यांनी तटबंदीतून बाहेर येउन लढाई सुरू केली।,human
गल्ली-बोळांतून चाललेल्या या हातघाईच्या लढाईत प्रत्येक गल्ली दोन्ही पक्षांच्या हातात अनेकदा आली आणि निसटली।,human
मराठ्यांनी ब्रिटिश तोफांचाही ताबा घेतला पण तो त्यांना राखता आला नाही।,human
मराठा सरदार त्र्यंबकजीने लेफ्टनंट चिशोमला ठार मारले व चिशोमने बापू गोखल्यांचा एकुलता एक मुलगा गोविंदच्या मृत्यूचा वचपा काढला।,human
मराठ्यांनी रातोरात गावातून पाय काढला आणि ते पसार झाले।,human
दुसऱ्या ठिकाणी जाउन तेथे पुन्हा झुंजायचा गनिमी कावा त्यांनी अवलंबलिला होता।,human
या लढाईत मराठ्यांचे ५००-६०० सैनिक कामी आले।,human
जनरल स्टाँटनने आपली फौज घेउन पुण्याकडे कूच केली पण तेथ न जाता तो शिरुर येथेच थांबला।,human
जरी या लढाईत ब्रिटिशांचा विजय झालेला दिसत असला तरी प्रत्यक्षात हा निसटताच होता असे त्यांच्या पत्रव्यवहारात दिसून येते।,human
जानेवारी १८१८मधील नोंदींनुसार बॉम्बे नेटिव्ह इन्फंट्रीच्या दुसऱ्या बटालियनच्या १ल्या रेजिमेंटचा कमांडर स्टाँटन सुदैवाने आपला मोर्चा परत सेरूरमध्ये परतू शकला आहे।,human
"१२५ जखमी, गोरेगाव येथे ५० पुरले आणि तेथे १२ किंवा १५ सोडले, ते गंभीरपणे जखमी झाले; पेशवे दक्षिणेकडे पळत आहेत।",human
"जनरल स्मिथ त्यांच्या मागे लागला आहे, यामुळे कदाचित बटालियन वाचली।",human
भारतीय राज्यघटनेतील २२ अधिकृत भाषांच्या यादीत मराठीचा समावेश आहे।,human
महाराष्ट्राची मायबोली मराठी असल्याने महाराष्ट्र दिनानिमित्त मराठी राजभाषा दिन अर्थात मराठी भाषा दिन १ मे रोजी साजरा करण्याचा ऐतिहासिक निर्णय आधुनिक महाराष्ट्राचे शिल्पकार वसंतराव नाईक यांनी घेतला।,human
"तत्कालिन मुख्यमंत्री वसंतराव नाईक यांच्या सरकारने मराठी राजभाषा अधिनियम, 1964 सर्वप्रथम 11 जानेवारी 1965 रोजी प्रसिद्ध केला।",human
"या अधिनियमानुसार, महाराष्ट्राची अधिकृत राजभाषा ही मराठी असेल, असे जाहीर करण्यात आले।",human
त्यानंतर 1966 पासून या निर्णयाची अंमलबजावणी सुरू झाली।,human
मराठीला राजभाषेचा दर्जा देऊन जणू मराठीचे राज्यभिषेक करून आधुनिक महाराष्ट्राचे शिल्पकार वसंंतराव नाईक सरकारने मराठीचा ऐतिहासिक गौरव केला।,human
मराठी ही महाराष्ट्र राज्याची एकमेव अधिकृत राजभाषा आहे।,human
गोवा राज्यात नियमानुसार कोकणी ही राजभाषा असली तरी मराठीचा वापर शासनाच्या सर्व कारणासाठी होऊ शकतो।,human
शासनाशी मराठीत होणाऱ्या पत्रव्यवहाराचे उत्तर मराठीतच दिले जाते।,human
दादरा व नगर हवेली या संघराज्यशासित प्रदेशात मराठी एक अधिकृत राजभाषा आहे।,human
"महाराष्ट्रातील सर्व विद्यापीठांत मराठीच्या उच्च शिक्षणाची सोय आहे तसेच महाराष्ट्राबाहेरील गोवा विद्यापीठ (पणजी), महाराजा सयाजीराव विद्यापीठ (बडोदे), उस्मानिया विद्यापीठ (तेलंगणा), गुलबर्गा विद्यापीठ, देवी अहिल्या विद्यापीठ (इंदूर) व जवाहरलाल नेहरू विश्वविद्यालय (नवी दिल्ली) येथे मराठी उच्चशिक्षण विभाग आहेत।",human
महाराष्ट्राबाहेरील एकूण १५ विद्यापीठांमध्ये मराठी शिकविली जाते।,human
"""अमुक वस्तुस्थिती असली तर अमुक गोष्ट घडते/घडणार, एरवी दुसऱ्या काही गोष्टी संभवतात"" हा तर्कशुद्ध विचारशक्तीचा/तर्कशुद्धताधिष्ठित कल्पनाशक्तीचा गाभा आहे।",human
ही तर्कशुद्ध विचारसरणी साधीसरळ असून सगळी माणसे ती नेहमी अर्थात सहजपणे वापरत असतात अशी बऱ्याच माणसांची एक अगदी चुकीची कल्पना असते।,human
वास्तविक बरीच माणसे फक्त माफक प्रमाणात तर्कशुद्ध विचार करू शकतात।,human
त्यात महत्त्वाची भर अशी की संबंधित वस्तुस्थितीचे ज्ञान माणसाला बऱ्याचदा अपुरे असते; (आणि खोल विचार करू शकणारी माणसे पुष्कळदा फक्त काही प्रांतांमधेच खोल विचार करू शकतात।,human
) जी माणसे खोल तर्कशुद्ध विचार करू शकतात त्यांच्याही तर्कशुद्ध विचारसरणीला मुख्यत्वे स्मृतीच्या अपुरेपणाने बरीच मर्यादा रहाते।,human
एक उघड उदाहरण म्हणजे आकडेमोड।,human
"आकडेमोडींमागे तर्कशुद्धता असते, आणि आकडेमोडींकरता स्मृतीचीह गरज असते।",human
पण स्मृतीच्या मर्यादिततेमुळे आपण माणसे मनातल्या मनात फक्त मोजक्या आकडेमोडी करू शकतो।,human
"इतकेच नव्हे तर कागदपेन्सिल वापरूनही खूप आकडेमोडी करायला आपल्याला बराच वेळ तर लागतोच, शिवाय रटाळपणामुळे कंटाळाही चट्कन येतो।",human
"आता एक अगदी खूप आश्चर्य वाटण्याजोगी बाब अशी की कोणतीही माहिती आकड्यांच्या रूपात प्रकट करता येते आणि कोणत्याही प्रांतातल्या ""अमुक वस्तुस्थिती असली तर अमुक गोष्ट घडते/घडणार, एरवी दुसऱ्या काही गोष्टी संभवतात"" ह्या विचारसरणीचे ""आकडेमोडीं""मधे रूपांतर करता येते ही अचाट कल्पना गेल्या शतकात माणसाच्या लक्षात आली।",human
"अर्थात गुंतागुंतीच्या तर्कशुद्ध विचारसरणी ""आकडेमोडीं""च्या रूपात करण्याकरता लाखो ""रटाळ"" आकडेमोडींची गरज असते।",human
"संगणक विज्ञान ही आज काळाची गरज आहे आपल्या निसर्गदत्त बुद्धीचा व्यावहारिक दृष्ट्या अफाट विस्तार करायला प्रचंड मदत करू शकणाऱ्या ""संगणक"" ह्या चीजेचा शोध माणसाच्या तीक्ष्ण बुद्धीने सुमारे साठसत्तर वर्षांपूर्वी लावला।",human
ती चीज अविश्वसनीय रीत्या अधिकाधिक प्रभावी करण्याचा माणसाचा उद्योग तेव्हापासून अविरतपणे चालू आहे।,human
"येत्या पन्नास, शंभर, पाचशे, हजार,।",human
वर्षात माणसाने संगणक किती प्रभावी केलेला असेल आणि त्यायोगे माणसाचे आयुष्य भविष्यकाळात कोणत्या प्रकारचे असेल ते पाहू शकणारा द्रष्टा ह्या पृथ्वीतलावर असणे अशक्य आहे।,human
"केवळ गेल्या पन्नास वर्षांच्या कालावधीत ""संगणक"" ह्या चीजेने माणसाचे आयुष्य पार बदलून टाकले आहे।",human
(त्यापूर्वी पंधराव्या शतकातल्या सुकर छ्पाईच्या शोधाने आणि अठराव्या शतकातल्या वाफेवर चालणाऱ्या यंत्रांच्या शोधाने माणसाच्या आयुष्यात महत्त्वाचे बदल केले होते)।,human
माणसाच्या निसर्गदत्त बुद्धीचा व्यावहारिक दृष्ट्या अफाट विस्तार करायला संगणक प्रचंड मदत करू शकतात ह्यामागे संगणकाची दोन वैशिष्ट्ये आहेत ती अशी : (त्यांपैकी समजा हेना ते फक्त एकच वैशिष्ट्य संगणकात असते तर संगणक ही चीज माणसाला निरुपयोगी ठरली असती)।,human
"वर लिहिलेल्या माणसाच्या स्मृतीच्या कोणत्याच मर्यादा निदान प्रभावी संगणकांना ""जवळजवळ"" लागू नाहीत हे हल्लीच्या संगणकांचे पहिले वैशिष्ट्य आहे।",human
"संगणक चालू ठेवणारी विद्युत ऊर्जा बंद पडली तर पूर्वी संगणक त्यांच्या स्मॄतीत माणसाने ""कोंबलेल्या"" सगळ्या गोष्टी एखाद्या अतिवृद्ध माणसाप्रमाणे तत्काळ कायमच्या विसरून जात असत।",human
पण तो प्रकार शास्त्रज्ञांनी/तंत्रज्ञांनी भिन्न रीतींनी झटपट जवळजवळ संपुष्टात आणला आहे।,human
किती गोष्टी संगणक लक्षात ठेवू शकतील ह्याची मर्यादाही शास्त्रज्ञ/तंत्रज्ञ दिवसेंदिवस वाढवत आहेत।,human
"आणि संगणकांच्या स्मॄतीत माणसाने ""कोंबलेल्या"" सगळ्या गोष्टी ते सर्वकाळ, शेंडी तुटो की पारंबी तुटो, अगदी अचूकपणॆ आठवत राहतील ह्या तिसऱ्या गोष्टीबाबतही शास्त्रज्ञांनी/तंत्रज्ञांनी एव्हाना खूप प्रगती केली आहे।",human
"संणकांचे दुसरे वैशिष्ट्य म्हणजे गुंतागुंतीच्या तर्कशुद्ध विचारसरणी ""आकडेमोडीं""च्या रूपात करण्याकरता ज्या लाखो ""रटाळ"" आकडेमोडींची गरज असते त्या रटाळ, कंटाळवाण्या न मानता काही सेकंदांमध्ये त्यांचा फडशा पाडणे हा संगणकांच्या ""हातचा मळ"" झाला आहे।",human
आणि कमीकमी वेळात आकडेमोडी करण्याचे संगणकांचे कसब शास्त्रज्ञ/तंत्रज्ञ दिवसेंदिवस वाढवत आहेत।,human
संगणकांना गरज असते ती फक्त माणसाकडून गुंतागुंतीच्या तर्कशुद्ध विचारसरणीबद्दल अचूक आणि निःसंदिग्ध सूचना मिळण्याची।,human
त्या सूचना संगणकांना विशद करायला जे बरेच कौशल्य लागते ते कौशल्य म्हणजे संगणकसंचालनविज्ञान।,human
"तर्कशुद्धतानधिष्ठित कल्पनाशक्ती (आणि गूढवादात्मक ""अंतर्ज्ञान"") ही माणसाच्या बुद्धीची वैशिष्ट्ये मात्र त्याच्या बुद्धीचे अपत्य असलेल्या संगणकाच्या (निदान सध्यातरी) पार आवाक्याबाहेरची आहेत।",human
"गोविंदाग्रजांच्या ""अरुण"" कवितेतल्यासारख्या कल्पनाशक्तीच्या भराऱ्या असलेली एखादी कविता लिहू शकणारा संगणक कोणी शास्त्रज्ञ/तंत्रज्ञ निदान येत्या पन्नासएक वर्षात निर्माण करू शकतील असे दिसत नाही।",human
पण माणसाच्या बुद्धीची झेप ती मर्यादा कधीच ओलांडणार नाही हे आज कोण निश्चितीने सांगू शकेल।,human
वाढत्या संगणक वापरामुळे जगातील सर्व माहिती ही क्षणार्धात उपलब्ध होते।,human
त्यामुळे सर्वांच्या समस्यांचे जलद निराकरण होते।,human
संगणकाचा शास्त्रीय संशोधनामध्ये वापर केला जातो।,human
भ ारतात संगणक आणण्यासाठी राजीव गांधीनी खूप प्रयत्न केले।,human
"भारतात कॉम्प्युटर आला होता सन 1952 मध्ये, ज्याला Dr।",human
Dwijish Dutta यांनी कोलकत्ता मध्ये भारतीय सांख्यिकी संस्था येथे स्थापन केला होता।,human
परंतु हा संगणक बाहेरून मागवला होता।,human
सिद्धार्थ हा पहिला कॉम्प्युटर होता जो भारतामध्ये बनला होता आणि Param 8000 हा पहिला सुपर कॉम्प्युटर होता जो भारतात बनला होता।,human
या सुपर कॉम्प्युटरला 1991 मध्ये विजय भटकर यांनी बनवलं होत।,human
प्रत्येक महिन्याला जवळजवळ 6000 नवीन कॉम्प्युटर व्हायरस तयार केले जातात।,human
पहिला कॉम्प्युटर माऊस हा लाकडाचा बनवला गेला होता।,human
ज्याला 1964 मध्ये Doug Engelbart Carl यांनी बनवलं होत।,human
एक साधारण माणूस 1 मिनिटात 20 वेळा आपल्या पापण्या झाकतो परंतु जेव्हा तो कॉम्प्युटर समोर बसतो तेव्हा तो फक्त 7 वेळा पापण्या झाकतो।,human
कोणत्याही टायपिंग करणाऱ्या माणसाची बोटे जवळजवळ दररोज 20 किलोमीटर अंतर पार करतात।,human
एकनाथांच्या भारुडांतून त्यांचा आध्यात्मिक अनुभव अगदी सोप्या भाषेत मांडला गेला आहे।,human
सदाचार आणि नीती यावर त्यांचा मोठा भर होता।,human
त्यामुळे समाजाला कळणारी भाषा व पेलणारे तत्त्वज्ञान त्यांच्या भारुडांत आढळते।,human
नाथांच्या भारुडांत विषयांची विविधता खूप आहे।,human
साऱ्या जीवनाचे अवलोकन आणि चिंतन या भारुडांमधून व्यक्त झाले आहे।,human
"भारुडांच्या रचनेत अध्यात्म, मनोरंजन, दोष-दुर्गुणांचे भंजन तसेच गूढगुंजन आहे।",human
"भारूड लिहिण्याच्या प्रयोजनांवरून व रचना संकेतांवरून एकनाथांची भारूडे ही आध्यात्मिक उद्बोधन, प्रबोधन व लोकरंजन साधण्यासाठी केलेली रूपकात्मक स्फुट रचना होय।",human
म्हणूनच संस्कृत वाङ्मयात जे स्थान पुराणांचे आहे तेच संत वाङ्मयात भारुडांचे आहे।,human
भारूडरचनांमध्ये नाट्यतत्त्वे ठासून भरलेली असतात।,human
त्यामुळे त्यांचे नाट्यरूपांतर सहजतेने होते।,human
भारूड हा प्रबोधनासाठी उपयुक्त असा काव्यप्रकार असल्याने बऱ्याच संप्रदायांनी त्याचा उपयोग करून घेतला आहे।,human
संस्कृत किंवा प्राकृत भाषेत भारूड हा शब्द भारूड या गीत प्रकाराला उद्देशून जरी असला तरी या भाषांमध्ये भारूड रचना उपलब्ध नाही।,human
त्यामुळे भारूड या काव्यरचनेचा उगम हा मराठी भाषेतच झाला।,human
संत ज्ञानेश्वर हेच भारुडाचे आद्यरचनाकार असावेत असा एक प्रवाह मानतो।,human
मात्र त्या आधीही भारुडे प्रचलित होती।,human
संत एकनाथ महाराजांनी भारूड या काव्यरचनेला शिखरावर नेऊन पोहोचविले।,human
भारूडातील विषय हे सर्वसामान्यांच्या परिचयाचे व नित्याच्या व्यवहारात वावरणारे व आढळणारे असतात।,human
"व्यवसाय, नाती-गोती, सामाजिक वृत्तिदर्शन, गाव, दैवी भूमिका, भूत-पिशाच्च, पशु-पक्षी, सण आदि बाबी असे विविध विषय एकनाथांच्या भारुडांत दिसून येतात।",human
पोवाडयाच्या सर्वांत जुना उल्लेख महिकावतिच्या बखरीत सापडतो।,human
बिंबराजाचा पुत्र केशव देव - याने मोठ्या ऐश्वर्याने बारावर्षे राज्य केले।,human
त्याने राजपितामह म्हणजे आसपासच्या सर्व लहानसहान संस्थानिकांना आजा ही पदवी धारण केली।,human
व त्या अर्थाचे बडेजावीचे गद्य पद्य पोवाडे रचिले म्हणजेच सर्वसाधारणपणे शके अकराशेच्या सुमारास मराठी भाषेत पोवाडयाची व्युत्पत्ती झाली असावी असे दिसते।,human
राजवाडे यांनी पोवाडयाची परंपरा चंपू काव्याशी निगडीत असल्याचे मत संपा दित बखरीच्या विवेचनामध्ये व्यक्त केले आहे।,human
तसेच सुरुवातीचे हे पोवाडे गद्य आणि पद्य अशा दोन्ही स्वरुपाचे दिसतात।,human
"'पोवाडा' या शब्दाच्या उत्पत्ती संबंधीचा आणखी एक उल्लेख बाराव्या, तेराव्या शतकाच्या सुमारास ज्ञानेश्वरीमध्ये सुद्धा पहावयास मिळतो।",human
"ज्ञानेश्वरीच्या दुसऱ्या आणि तिसऱ्या अध्यायामध्ये अनुक्रमे दहाव्या आणि एकशे त्रेसष्टाव्या ओवीमध्ये ""पवाडा"" असा शब्द आढळतो।",human
"याठिकाणी पवाडा याच अर्थ काही ठिकाणी स्तुती तर काही ठिकाणी युद्ध, झगडा असा घेतलेला दिसतो।",human
यादवांच्या दरबारी यादवराजांची स्तुती गाण्यासाठी भाट होते।,human
या भाटांचा गायनपरंपरेचा परिणाम शिवशाहीतील शाहि रांच्यावर झाला असावा।,human
आणि या भाटांच्या संपकानेच अज्ञानदासा सारख्या शाहिराने आपल्यामध्ये असणा-या सुप्त काव्यशक्तीला मुक्त करून पोवाडयाची परंपरा शिवशाहीमध्ये रुजू केली असावी।,human
"अज्ञानदास "" सारख्या काही कवींनी गुरुस्तुती सारख्या विषया।",human
वर क्वचीत पोवाडयाची रचना केलेली दिसते।,human
म्हणजेच इसवी सन १६५९ च्या पूर्वीच काहीप्रमाणात का असेना पोवाडा लोकप्रिय झालेला दिसतो।,human
सध्या उपलब्ध असलेल्या सर्व पोवाडयापैकी सर्वात जुना आणि पहिला पोवाडा 'अज्ञानदास यांनी लिहिलेला आहेया पोवाडयाची सुरुवात आपल्या त्याचा विषय शिवाजी महाराजांच्या पराक्रमाचा आहे गुरुला नारायण' या नावाने नमन करून केलेली आहेहा पोवाडा केवळ नाममात्र पद्य आहे अन्यथा याची उद।,human
रचना एकतारी तुणतुण्यावर सहज सुराने गाता येईल अशी गद्याचीच आहे माहिती भरण्यासाठी जी साधने वापरली जातात त्याना इनपुट डिव्हाइसेस असे म्हणतात।,human
कोणत्याही यंत्रणेचे इनपुट डिव्हाइसेस म्हणजे ज्या भागाद्वारे माहिती आत घेतली जाते तो भाग होय।,human
आपण आपल्या पाच इंद्रियाद्वारे वेगवेगळ्या प्रकारची माहिती जमा करतो।,human
"म्हणजेच नाक, कान, डोळे व जीभ इ।",human
"आपले इनपुट डिव्हाइसेस आहेत, माहितीवर प्रक्रिया करणाऱ्या भागाला सेन्ट्रल प्रोसेसिंग युनिट अस म्हणतात।",human
थोडक्यात सीपीयू हा संगणकाचा मेंदू होय।,human
"तर अंतिम उत्तरे किंवा माहिती ज्या साधनांद्वारे मिळवली जाते त्यांना आऊटपुट डिव्हाइसेस असे म्हणतात, अशा प्रकारे संगणकाच्या वेगवेगळ्या भागांचे एकत्रितरित्या काम सुरू असते व ते अतिशय वेगाने होऊन आपणास आपल्याला हवी ती उत्तरे मिळवता येतात।",human
संगणकात भरलेल्या माहितीवर प्रक्रिया होऊन आवश्यकतेनुसार ती साठवून ठेवली जाते।,human
"मात्र टाईप करताना आपण जरी डेटा आपल्या नेहमीच्या भाषेत (मराठी, इंगजी किंवा इतर कोणतीही भाषा) लिहीत असलो तरी ही भाषा संगणकाला कळत नसते।",human
संगणकाला कळतात त्या फक्त दोन स्थिती - ० व १।,human
किवा ० ०) या दोन स्थितींच्या सहाय्याने प्रत्येक अक्षरास किंवा अंकास किंवा चिन्हास एक सांकेतिक कोड़ बहाल केले जाते।,human
प्रत्येक अक्षर / अंक 03च्या संचाने बनलेला असतो।,human
झोपडपट्टी हा एक उच्च लोकसंख्या असलेला शहरी निवासी क्षेत्र आहे ज्यामध्ये कमकुवत गुणवत्तेचे दाट गृहनिर्माण असतात आणि बहुतेकदा गरिबीशी संबंधित असतात।,human
झोपडपट्ट्यांमधील पायाभूत सुविधा बऱ्याचदा खराब किंवा अपूर्ण असतात आणि त्यामध्ये प्रामुख्याने गरीब लोक राहतात।,human
झोपडपट्ट्या सहसा शहरी भागात वसलेल्या असल्या तरी काही देशांमध्ये त्या उपनगरी भागात असू शकतात जेथे घरांची गुणवत्ता कमी आहे आणि राहणीमान खराब आहे।,human
"झोपडपट्ट्या आकारात आणि इतर वैशिष्ट्यांमध्ये भिन्न असल्या तरी, बहुतेकांमध्ये विश्वसनीय स्वच्छता सेवा, शुद्ध पाण्याचा पुरवठा, विश्वासार्ह वीज, कायद्याची अंमलबजावणी आणि इतर मूलभूत सेवांचा अभाव आहे।",human
झोपडपट्ट्यांची निवासस्थाने झोपडपट्टीच्या घरांपासून व्यावसायिकपणे बांधलेल्या घरांपर्यंत बदलतात जी निकृष्ट दर्जाच्या बांधकामामुळे किंवा मूलभूत देखभालीच्या अभावामुळे खराब झाली आहेत।,human
"झोपडपट्ट्या अजूनही प्रामुख्याने विकसनशील देशांच्या शहरी भागात आढळतात, परंतु तरीही विकसित अर्थव्यवस्थांमध्ये आढळतात।",human
"जगातील सर्वात मोठे झोपडपट्टीचे शहर ओरंगी, कराची, पाकिस्तान येथे आढळते।",human
जगाच्या वेगवेगळ्या भागांमध्ये अनेक वेगवेगळ्या कारणांमुळे झोपडपट्ट्या तयार होतात आणि वाढतात।,human
"कारणांमध्ये जलद ग्रामीण-ते-शहरी स्थलांतर, आर्थिक स्थैर्य आणि उदासीनता, उच्च बेरोजगारी, गरिबी, अनौपचारिक अर्थव्यवस्था, सक्तीने किंवा हाताळलेले वस्तीकरण, खराब नियोजन, राजकारण, नैसर्गिक आपत्ती आणि सामाजिक संघर्ष यांचा समावेश होतो।",human
"वेगवेगळ्या देशांमध्ये झोपडपट्ट्या कमी करण्याचा आणि परिवर्तन करण्याचा प्रयत्न केलेल्या धोरणांमध्ये वेगवेगळ्या प्रमाणात यश आले, त्यात झोपडपट्टी हटवणे, झोपडपट्ट्यांचे स्थलांतरण, झोपडपट्ट्यांचे अपग्रेडेशन, शहरव्यापी पायाभूत सुविधांच्या विकासासह शहरी नियोजन आणि सार्वजनिक गृहनिर्माण यांचा समावेश होतो।",human
लेखकाने ही कादंबरी सरळसोट पद्धतीने न दाखवता रेखीय अर्थात नॉनलिनियर पद्धतीने मांडली आहे।,human
मोठा भाऊ अरविंद याच्या तब्येतीमुळे त्याला सतत मिळणाऱ्या सहानुभूतीपायी आणि त्या सहानुभूतीचा वापर करणारा अरविंद आणि त्याची बायको मनोरमा यांच्या स्वार्थी वागण्यापायी आणि आईच्या बोटचेप्या वृत्तीपायी घरात धाकटा असलेला श्री हा कमालीचा वैतागलेला असतो।,human
दरम्यान पार्टनर नावाच्या एका विलक्षण माणसाशी श्रीची मैत्री होते आणि बघता बघता ते जिवाभावाचे मित्र बनतात।,human
"आणि तरीही श्रीला पार्टनरचं नाव माहित नसतं कारण पार्टनरच्या मते ""खरं तर आपल्याला नावच नसतं।",human
"बारशाला नाव ठेवतात ते देहाचं""।",human
हा पार्टनर अतिशय गुलछबू परंतु तितकाच व्यवहारी माणूस असतो।,human
"काव्य, साहित्य इत्यादींवर त्याचं विशेष प्रेम असतं।",human
लवकरच किरण वर्तक नावाची एक अतिशय सुस्वरूपी आणि सुस्वभावी मुलगी श्रीच्या आयुष्यात येते।,human
त्यानंतर बघता बघता प्रेम आणि लग्न हे महत्त्वाचे टप्पे आपसूकच पार होतात।,human
पार्टनरच्या आणि त्याचप्रमाणे किरणची मैत्रीण दमयंती या दोघांच्या मदतीने घराचा प्रश्न सुटतो।,human
पार्टनर नोकरीसाठी पुण्याला निघून जातो।,human
दरम्यान अमितचा जन्म होतो आणि तेवढाच अकाली त्याचा मृत्यूही होतो।,human
"या संपूर्ण प्रवासात श्रीला आई, भाऊ, वहिनी, बायको इत्यादी लोकांचे विलक्षण अविश्वसनीय अनुभव येतात आणि आपण खरंच यांना ओळखतो का असा प्रश्नही त्याला पडतो।",human
"अखेरीस सगळ्याला कंटाळून तो पार्टनरला परत येण्याची आणि या दुःख आणि मानसिक असमाधानानाने काळवंडलेल्या या आयुष्यातून आपली सुटका करण्याची विनंती करतो आणि आपल्यावर ""एवढे अनंत उपकार करणारा पार्टनर तरी खरा होता की ती देखील अशीच आपल्या मनाची एखादी कल्पना होती।",human
""" असा विचार श्री करत असतानाच कादंबरी संपते।",human
"शब्दकोशाची व्याप्ती भाषेतील शब्द, त्यांचे अर्थ, उच्चार आणि व्याकरण देण्यापुरतीच मर्यादित असते।",human
शब्दकोशात अर्थ स्पष्ट करण्यासाठी प्रसंगी चित्रे आणि क्वचित नकाशेही असतात।,human
पण कोणत्याही प्रकारची सखोल माहिती नसते।,human
"याउलट, ज्ञानकोश ज्ञानशाखेतील विविध संज्ञांची तपशीलवार माहिती देत असतो।",human
"आणखी त्यापलीकडे जाऊन, या माहितीचे विश्लेषण करणे, ज्ञानशाखांशी असलेली विस्तृत पार्श्वभूमी विशद करणे, आणि संदर्भ उपलब्ध करून देणे ही कामेही ज्ञानकोश करतो।",human
"अनेक ज्ञानकोशांत चित्रे, नकाशे, आराखडे, आधारभूत पुस्तकांचे संदर्भ आणि सांख्यिकीय माहिती असते।",human
"सामन्यतः सुशिक्षित, माहिती-विशेषज्ञ अशा तज्ज्ञांच्या संशोधनाने आणि मार्गदर्शनाखाली ज्ञानकोशांची निर्मिती होत असते।",human
ज्याला एखाद्या विषयाची संक्षिप्त आणि विश्वासार्ह माहिती हवी असेल असा माणूस कधीना कधी ज्ञानकोशाची पाने चाळतो।,human
"अशा ज्ञानकोशांत साक्षेपी(संदर्भ असलेली काही विरुद्ध मते असल्यास, त्यांच्यासह), शक्य तिथे संदर्भ असलेली, वस्तुनिष्ठ आणि तटस्थपणे दिलेली माहिती मिळ्ते।",human
"इथे वाचकांना भाषेचे सौंदर्य अपेक्षित नसते, तर निव्वळ ज्ञान आणि माहिती हवी असते।",human
वाचकाचा दृष्टिकोन: आम्ही ज्ञानकोश मोजक्या तथ्यांसाठी आणि आकडेवारीसाठी वाचतो।,human
येथे आम्हाला इतरांची परस्परविरोधी मते विशिष्ट संदर्भासहित मिळावीत।,human
पण आमचे मन आणि विचार प्रभावित करण्याकरिता ज्ञानकोशांतील लेखकांचे मत त्यात मिसळू नका असा असतो।,human
कोशांतील लेख वाचून वाचक आपले मत बनवतो।,human
१९७७मध्ये पेशव्यांच्या कौटुंबिक कलह आणि सत्तासंघर्षातून नारायणराव पेशव्यांची हत्या झाल्यावर पेशव्यांचे लक्ष उत्तर आणि मध्य भारताकडे नव्हते।,human
त्यातच होळकर आणि शिंदे यांच्यातील अंतर्गत संघर्षामुळे पुण्याची सत्ता मध्य भारतात नाममात्रच होती।,human
नारायणरावानंतर पेशवेपदी आलेल्या रघुनाथरावाला वाटले की शिंदे-होळकर थेट पेशव्यांच्या सत्तेलाच आव्हान देतील।,human
याला शह देण्यासाठी त्याने इंग्रजांकडून मदत मागितली।,human
यासाठी इंग्रजांनी सुरतेला करार मान्य करून घेतला।,human
यानुसार साळशेत बेट (आताच्या मुंबईचा मोठा भाग) आणि वसईचा किल्ला इंग्रजांच्या हवाली केले गेले आणि इंग्रजांनी पेशव्यांना पाठिंबा जाहीर केला।,human
या कराराचा भारत आणि इंग्लंडमधील ब्रिटिश सत्तावर्तुळांमध्ये खळबळ माजली।,human
ब्रिटिश राजतंत्राने ईस्ट इंडिया कंपनीला भारतात व्यापार करण्याचा मक्ता दिलेला होता परंतु तेथील सार्वभौम राजांशी इंग्लंडच्या वतीने असे करार करणे हे कायदेबाह्य होते।,human
या कराराच्या अटींवरून पहिले इंग्रज-मराठा युद्ध पेटले।,human
दोन्ही बाजू तुल्यबळ असल्याने हे युद्ध अनेक वर्षे रखडले।,human
शेवटी महादजी शिंद्यांनी मध्यस्थी करून १७८२मध्ये सालबाईचा करार घडवून हे युद्ध थांबवले।,human
"यात इंग्रजांची जरी थेट सरशी झाली नसली तरी वॉरेन हेस्टिंग्सने दूरदृष्टी वापरून शिंदे, भोसले आणि पेशवे यांच्यात दुही निर्माण केली।",human
१७८६मध्ये ईस्ट इंडिया कंपनीने लॉर्ड कॉर्नवॉलिस याला भारतातील प्रदेशांचा गव्हर्नर जनरल म्हणून नेमले।,human
त्यावेळी मराठा साम्राज्य मजबूत स्थितीतच होते।,human
सालबाईच्या तहानंतर ब्रिटिशांनी उत्तर भारतात कुरापती न काढता मराठ्यांच्या बरोबरीने राहण्याचे धोरण अवलंबिले।,human
"पुण्यात या वेळी ११ वर्षांचा सवाई माधवराव पेशवेपदावर होता व त्याच्या मंत्री नाना फडणवीसांनी मुत्सद्दीपणाने ब्रिटिश, निजाम, फ्रेंच, पोर्तुगीज, शिंदे, होळकर व इतर सत्तांशी समतोल साधून ठेवलेला होते।",human
१८०० साली फडणवीसांच्या मृत्यूनंतर पेशवाईत अनागोंदी माजली।,human
शिंदे-होळकर संघर्षात पेशव्यांनी शिंद्यांची बाजू घेतल्याचे वाटून होळकरांनी १८०१मध्ये थेट पुण्यावर हल्ला केला।,human
पेशवा दुसऱ्या बाजीरावाने पुण्यातून ब्रिटिश आरमाराच्या मदतीने पलायन केले।,human
आपली पेशवाई आणि सत्ता गमावण्याची भीती वाटून बाजीरावाने वसईच्या तहावर शिक्कामोर्तब केले।,human
यानुसार पेशवे आता खुद्द शासक न राहता इंग्रजधार्जिणे झाले।,human
याला प्रत्युत्तर म्हणून शिंदे आणि भोसल्यांनी इंग्रजांनी हल्ला केला व १८०३मध्ये दुसरे इंग्रज-मराठा युद्ध सुरू झाले।,human
यात इंग्रजांनी मराठा सरदारांचा सडकून पराभव केला व मराठ्यांनी आपला बव्हंश प्रदेश इंग्रजांच्या स्वाधीन केला।,human
दुसऱ्या आंग्ल-मराठा युद्धानंतर मराठा साम्राज्याचा प्रभाव आणि शक्ती काही अंशाने कमी झाली होती।,human
"युद्धानंतर त्यांनी आपल्या सैन्याचे आधुनिकीकरण करण्याकडे दुर्लक्ष केले आणि नवीन तंत्रज्ञान न अजमावता त्याच त्याच जुन्या, कालबाह्य युद्धनीतींवर भर दिला।",human
मराठ्यांचा तोफखाना जुन्यापुराण्या तोफांवर भर देउन होता।,human
यांना एका ठिकाणाहून दुसरीकडे नेणे म्हणजे कठीण काम होते।,human
याउलट युरोपीयनांचा तोफखाना गतिशील आणि भेदक होता।,human
जरी काही प्रमाणात मराठ्यांनी नवीन शस्त्रे अंगिकारली असली तरी ती सगळी आयात केलेली होती।,human
ही हाताळणारे कुशल लोक परदेशी होते।,human
एतद्देशीयांनी ही शस्त्रे स्वतः तयार करण्याचा कधी प्रयत्न केला नाही किंवा त्यांचे तंत्रज्ञानही आत्मसात केले नाही।,human
मराठ्यांचे गुप्तहेर खाते कुशल नव्हते आणि नाना फडणवीसांचा काळ सोडता त्यांच्याकडील मुत्सद्दी देशातील संपूर्ण चित्र पाहण्यास असमर्थ होते।,human
मराठ्यांची घातक पथके पेंढारी व इतर भाडोत्री सैनिकांनी भरलेली होते।,human
या साम्राज्याला एक वाली नव्हता।,human
खुद्द छत्रपतींच्याही दोन गाद्या होत्या -- सातारा आणि कोल्हापूर।,human
पश्चिम महाराष्ट्र सोडता इतर सगळे प्रदेश तेथील सरदारांच्या अंमलात होते आणि त्यांवर एकसूत्र थेट कारभार अशक्य होता।,human
शिवाजी महाराजांचे एकछत्री मराठा साम्राज्य आता कॉन्फेडरसी[मराठी शब्द सुचवा]मध्ये परिवर्तित झाले होते आणि एकजुटीने परकीय शत्रूशी युद्ध करण्यासाठीची एकता नष्ट झालेली होती।,human
गायकवाडांच्या राजदूत गंगाधर शास्त्री यांची हत्या म्हणजे पेशव्यांनी भारतातील ब्रिटिश सत्तेला दिलेले आव्हान समजून त्यांचे साम्राज्य गिळण्यासाठी रॉडोन-हेस्टिंग्सने भारतात मोठ्या सैन्याची जमवाजमव सुरू केली।,human
ब्रिटिशांची भारतातील तोपर्यंतची ही सगळ्यात मोठी फौज होती।,human
"१,२०,००० शिबंदी असलेल्या या सैन्याची रचना रॉडोन-हेस्टिंग्सच्या हाताखालील ग्रँड आर्मी तथा बेंगाल आर्मी आणि जनरल थॉमस हिस्लॉपच्या हाताखालील आर्मी ऑफ द डेक्कन या दोन सैन्यांची मिळवणी होती।",human
"यात एतद्देशीय सैनिकांच्या ६० बटालियन, ब्रिटिश सैन्याच्या रेजिमेंटमधून रचलेल्या अनेक बटालियन, घोडदळ आणि ड्रगूनच्या अनेक तुकड्या, तोफखाना, इ।",human
चा समावेश होता।,human
"ग्रँड आर्मीच्या ४०,००० सैनिकांच्या या फौजेचे तीन विभाग आणि एक अतिरिक्त राखीव विभाग केले गेले।",human
"यांतील डाव्या विभागाचे नेतृत्त्व मेजर जनरल मार्शल, मध्य विभाग रॉडोन-हेस्टिंग्स कडे होेते।",human
"सैनिक, आर्मी ऑफ द डेक्कनचे ७०,००० सैनिक पाच विभागांत होते।",human
"यांचे नेतृत्त्व ब्रिगेडियर जनरल डव्हजन, जनरल हिस्लॉप, जनरल माल्कम ब्रिगेडियर जनरल स्मिथ आणि लेफ्टनंट कर्नल अॅडम्स यांच्याकडे असल्याची नोंद आहे।",human
याव्यतिरिक्त मद्रास आणि पुणे येथे दोन बटालियन आणि तोफखान्याच्या तुकड्याही तैनात होत्या।,human
मद्रास रेसिडेन्सीमध्ये ६ व्या बंगाल घोडदळातील अतिरिक्त तीन तुकड्याही तयारीत होत्या।,human
या सगळ्या सैन्याकडे अद्ययावत शस्त्रे होती तसेच त्यांचे रसदमार्ग उत्तमपणे आखलेले होते।,human
"इकडे सैन्य गोळा करीत असताना ब्रिटिशांनी शिंदे, होळकर आणि आमिर खान यांच्याशी बोलणी सुरू केली।",human
या तिन्ही संस्थानातील पेंढारी ब्रिटिश प्रदेशात धुमाकूळ घालत होते आणि या तिघांनीही नेपाळच्या राजाबरोबर संधान साधून ब्रिटिशांविरुद्ध युती करण्याची बोलणी सुरू केलेली होती।,human
याबाबतचा गुप्त पत्रव्यवहार ब्रिटिशांनी पकडला।,human
यावरून त्यांनी संस्थानिकांना पेचात पाडले आणि पेंढाऱ्यांविरुद्ध ब्रिटिशांना मदत करणे आणि पेंढाऱ्यांच्या नवीन टोळ्या उभ्या न होऊ देणे यासाठी ब्रिटिशांनी संस्थानिकांना वचन देणे भाग पाडले।,human
"हा करार, प्रचंड मोठे सैन्याचा दबाव आणि मुत्सद्दीगिरी वापरून ब्रिटिशांनी शिंदे आणि होळकरांना युद्ध सुरू होण्याआधीच बाजूला केले।",human
राजपुतान्यातील आमिर खानला त्याची टोंकची रियासत अबाधित ठेवण्याचे वचन देउन ब्रिटिशांनी त्यालाही परस्पर दूर केले।,human
आमिर खानने ब्रिटिशांवर विश्वास ठेवून आपली सेना बरखास्त केली तोफा ब्रिटिशांना विकून टाकल्या।,human
याशिवाय आपल्या प्रदेशातून पेंढाऱ्यांना हाकलून देण्याचेही कबूल केले।,human
"ऑक्टोबरमध्ये आणि नोव्हेंबरच्या सुरुवातीस ब्रिटिशांनी ग्रँड आर्मीचा एक विभाग सिंध, दुसरा चंबळ आणि तिसरा नर्मदेच्या खोऱ्याच्या पूर्व भागात पाठवला।",human
यांचे काम शिंदे आणि होळकर तसेच पेशव्यांच्या मध्ये राखून त्यांची हातमिळवणी रोखणे हा होता।,human
राखीव विभागाने राजपुतान्यात आमिर खानच्या हालचालींवर नजर ठेवलेली होती।,human
आर्मी ऑफ द डेक्कनचा पहिला आणि तिसरा विभाग हरदा येथे ठाण मांडून होता।,human
तेथून ही फौज आसपासच्या किल्ल्यांना शह देउन होती।,human
दुसरा विभाग मलारपूर येथून बेरार घाटावर लक्ष ठेवून होता तर चौथा विभाग पुणे आणि अमरावतीच्या आसपासच्या प्रदेशांवर जरब ठेवीत होता।,human
पाचवा विभाग होशंगाबाद येथे तैनात करण्यात आला।,human
राखीव विभाग भीमा आणि कृष्णा नद्यांच्या दोआबात दबा धरून बसला होता।,human
अशा प्रकारे ब्रिटिशांनी मराठ्यांची पूर्णपणे नाकेबंदी करून ठेवलेली होती।,human
शहाजी हे मुघलांचे बंडखोर सरदार होते।,human
शहाजीराजांनी विजापूर सरकारच्या पाठिंब्याने मुघलांविरुद्ध केलेल्या मोहिमा साधारणपणे अयशस्वी ठरल्या।,human
मुघल सैन्याने त्यांचा सतत पाठलाग केला आणि शिवाजी महाराज आणि आई जिजाबाई यांना नेहमी या किल्ल्यावरून त्या किल्ल्यावर जावे लागले।,human
१६३६ मध्ये शहाजीराजे विजापूरच्या सेवेत रुजू झाले आणि त्यांना पुण्याची जहागिरी दिली।,human
शहाजीराजांनी पुढे तुकाबाईंशी आपला दुसरा विवाह केला।,human
लहान शिवाजीराजांना घेऊन जिजाबाई पुण्याला रहायला आल्या।,human
तुकाबाई आणि शहाजीराजे ह्यांच्या एकोजी भोसले (व्यंकोजी भोसले) ह्या पुत्रांनी पुढे सध्याच्या तमिळनाडूमधील तंजावरला आपले राज्य स्थापन केले।,human
शिवाजी महाराजांना घेऊन जिजाबाई पुण्यात स्थायिक झाल्या।,human
त्यावेळी विजापुरी शासक आदिलशहाने बंगलोरमध्ये शहाजीराजांना तैनात केल्यामुळे दादोजी कोंडादेव यांची त्यांनी प्रशासक म्हणून नियुक्ती केली।,human
१६४७ मध्ये कोंडादेव मरण पावले आणि शिवरायांनी कारभार हाती घेतला।,human
त्यांच्या पहिल्या मोहिमेने थेट विजापुरी सरकारला आव्हान दिले।,human
जिजाबाई पुण्यात रहायला गेल्या त्यावेळी पुण्याची फार दुरवस्था झालेली होती।,human
"तेव्हा छोटे शिवाजीराजे आणि कारभारी ह्यांच्या हस्ते पुण्यात एका शेतात प्रतीकादाखल सोन्याच्या मुलाम्याचा नांगर फिरवून, जिजाबाईंनी पुण्याची पुनःस्थापना करायला सुरुवात केली।",human
शिवाजीराजे लहानाचे मोठे होत असताना आणि मोठे झाल्यावरही (मोठेपणीच्या सिंहगडावरच्या स्वारीसारख्या) प्रत्येक महत्त्वाच्या प्रसंगी त्यांना जिजाबाईंनी खंबीर मार्गदर्शन दिले शिवाजीमहाराजांच्या त्या आद्यगुरू मानल्या जातात।,human
हिंदवी स्वराज्यस्थापनेचे स्वप्न साकार करायला शिवाजीमहाराजांना जिजाबाईंनी स्फूर्ती दिली असे काही इतिहासकार मानतात एका आठवड्यानंतर नेपोलियनने मॉस्कोमध्ये प्रवेश केला।,human
परंतु सम्राटाशी भेट घेण्यास शहरातून कोणतेच शिष्टमंडळ न आल्याने फ्रेंच चक्रावून गेले।,human
रशियनांनी अगोदरच शहर रिकामे केले होते व नगरप्रमुख काउन्ट फ्यॉडॉर रोस्तोपचिन याने मॉस्कोतील अनेक मोक्याच्या ठिकाणी आग लावण्याचे आदेश दिले होते।,human
"नेपोलियनची आशा त्याची मोहीम मोठ्या विजयामुळे पूर्ण होईल अशी होती, परंतु रणांगणावरील विजयामुळे तो युद्धात विजयी होऊ शकला नाही।",human
मॉस्कोच्या पाडावामुळे अलेक्झांडरला तह करणे भाग पडले नाही व फ्रेंचांची स्थिती दिवसेंदिवस बिघडत असल्याचे दोन्ही बाजू जाणून होत्या।,human
रशियन सैन्यातील कथित असंतोष व खचणाऱ्या मनोधैर्याच्या खोट्या वार्ता पसरवल्यामुळे नेपोलियन तहाच्या वाटाघाटी करण्यासाठी मॉस्कोमध्येच थांबला।,human
"तिथे एक महिनाभर वास्तव्य केल्यावर नेपोलियनने त्याचे सैन्य नैर्ऋत्येकडे जेथे कुटुझोवच्या सैन्याचा तळ होता अशा कालुगाच्या दिशेने वळवले,।",human
फ्रेंचांच्या कालुगावरील आक्रमणास एका रशियन तुकडीने त्रास दिला।,human
नेपोलियनने पुन्हा एकदा रशियन सैन्याशी निर्णायक लढाईसाठी मालोयारोस्लावेत्झ सामना केला।,human
अधिक चांगल्या स्थितीत असूनही रशियन सैन्याने एका मोठ्या चकमकीनंतर माघार घेतली।,human
"थकलेली सैन्ये, संपत चालली रसद, हिवाळी कपड्यांचा अभाव व उर्वरित घोडे वाईट स्थितीत अशा परिस्थितीत नेपोलियनला माघार घेणे भाग पडले।",human
स्मोलेन्स्क व नंतर व्हिल्नियस येथील रसद मिळवण्याची त्याची अपेक्षा होती।,human
यानंतरच्या आठवड्यांमध्ये रशियन हिवाळ्याला आरंभ झाल्याने ग्रान्द आर्मीचे प्रचंड हाल झाले।,human
"घोड्यांसाठीच्या चाऱ्याचा अभाव, कडाक्याच्या थंडीमुळे हायपोथर्मिया [मराठी शब्द सुचवा] व एकाकी पडलेल्या सैन्य तुकड्यांवर कोसॅक व रशियन शेतकऱ्यांकडून होणारे हल्ले या सर्व कारणांमुळे अनेक सैनिक मृत्युमुखी पडले व सैन्यातील एकजूट संपुष्टात आली।",human
"नेपोलियनच्या उर्वरित सैन्याने जेव्हा बेरेझिना नदी पार केली तेव्हा जेमतेम २७,००० सैनिक शिल्लक शिल्लक होते।",human
"ग्रान्द आर्मीचे ३,८०,००० सैनिक ठार व १,००,००० युद्धकैदी झाले।",human
या लढाईनंतर आपल्या सल्लागारांच्या आग्रहावरून व मार्शल्सच्या (सेनापतींच्या) एकमताने दिलेल्या मान्यतेमुळे नेपोलियन सैन्य सोडून परतला।,human
तो आपले सम्राटपद कायम ठेवण्यासाठी व आगेकूच करणाऱ्या रशियनांना विरोध करण्यास अधिक सैन्य गोळा करण्यासाठी पॅरिसमध्ये परतला।,human
अंदाजे सहा महिने चाललेली ही मोहीम १४ डिसेंबर १८१२ रोजी खर‍या अर्थाने संपुष्टात आली आणि रशियाच्या भूमीवरून अखेरच्या फ्रेंच दळांनी माघार घेतली।,human
हे युद्ध नेपोलियोनिक युद्धांतील निर्णायक टप्पा होता।,human
नेपोलियनच्या कीर्तीला यामुळे फार मोठा तडा गेला व युरोपवरील फ्रेंच प्रभुत्व खिळखिळे झाले।,human
फ्रान्स व त्याच्या मांडलिक राष्ट्रांची मिळून तयार झालेल्या ग्रान्द आर्मीचा विनाश झाला।,human
या घटनांमुळे युरोपीय राजकारणात महत्त्वाचे बदल घडले।,human
फ्रान्सची मित्रराष्ट्रे प्रशिया व नंतर ऑस्ट्रिया यांनी त्यांच्यावर लादलेले मित्रत्वाचे तह मोडून पक्षबदल केला व त्यामुळे सहाव्या संघाच्या युद्धास प्रारंभ झाला।,human
